Key_Dataset,Key_Run,Key_Fold,Key_Scheme,Key_Scheme_options,Key_Scheme_version_ID,Date_time,Number_of_training_instances,Number_of_testing_instances,Mean_absolute_error,Root_mean_squared_error,Relative_absolute_error,Root_relative_squared_error,Correlation_coefficient,Number_unclassified,Percent_unclassified,SF_prior_entropy,SF_scheme_entropy,SF_entropy_gain,SF_mean_prior_entropy,SF_mean_scheme_entropy,SF_mean_entropy_gain,Elapsed_Time_training,Elapsed_Time_testing,UserCPU_Time_training,UserCPU_Time_testing,UserCPU_Time_millis_training,UserCPU_Time_millis_testing,Serialized_Model_Size,Serialized_Train_Set_Size,Serialized_Test_Set_Size,Coverage_of_Test_Cases_By_Regions,Size_of_Predicted_Regions,Summary
student_analysis(numbers),1,1,weka.classifiers.functions.LinearRegression,'-S 0 -R 1.0E-8 -num-decimal-places 4',-3364580862046573747,2.02008161133E7,147.0,17.0,2.414505938689686,2.7775481043924994,209.8299945675683,209.2714689385587,-0.41232096574055976,0.0,0.0,NaN,NaN,NaN,NaN,NaN,NaN,0.359,0.047,0.2184014,0.0,218.4014,0.0,6429.0,23832.0,4462.0,NaN,NaN,?
student_analysis(numbers),1,2,weka.classifiers.functions.LinearRegression,'-S 0 -R 1.0E-8 -num-decimal-places 4',-3364580862046573747,2.02008161133E7,147.0,17.0,1.4406353123793392,1.7166102213873489,154.48665099704039,153.95847462772397,-0.40926032306575705,0.0,0.0,NaN,NaN,NaN,NaN,NaN,NaN,0.016,0.0,0.015600099999999999,0.0,15.6001,0.0,6429.0,23832.0,4462.0,NaN,NaN,?
student_analysis(numbers),1,3,weka.classifiers.functions.LinearRegression,'-S 0 -R 1.0E-8 -num-decimal-places 4',-3364580862046573747,2.02008161133E7,147.0,17.0,2.218634819529318,2.7773226892511103,108.73276333493551,101.25448318173824,0.2798238040286996,0.0,0.0,NaN,NaN,NaN,NaN,NaN,NaN,0.015,0.0,0.015600099999999999,0.0,15.6001,0.0,6429.0,23832.0,4462.0,NaN,NaN,?
student_analysis(numbers),1,4,weka.classifiers.functions.LinearRegression,'-S 0 -R 1.0E-8 -num-decimal-places 4',-3364580862046573747,2.02008161133E7,147.0,17.0,6.931654365139647,16.58806598399426,123.10254159109812,104.28984682385006,-0.11339159393090334,0.0,0.0,NaN,NaN,NaN,NaN,NaN,NaN,0.016,0.0,0.015600099999999999,0.0,15.6001,0.0,6437.0,23832.0,4462.0,NaN,NaN,?
student_analysis(numbers),1,5,weka.classifiers.functions.LinearRegression,'-S 0 -R 1.0E-8 -num-decimal-places 4',-3364580862046573747,2.02008161133E7,148.0,16.0,2.520298674119855,3.0366803146035513,201.64160569225047,211.41342162127367,-0.3370329173166475,0.0,0.0,NaN,NaN,NaN,NaN,NaN,NaN,0.0,0.0,0.0,0.0,0.0,0.0,6437.0,23981.0,4313.0,NaN,NaN,?
student_analysis(numbers),1,6,weka.classifiers.functions.LinearRegression,'-S 0 -R 1.0E-8 -num-decimal-places 4',-3364580862046573747,2.02008161133E7,148.0,16.0,5.135437654857417,17.316703184224686,105.09991826458416,103.421950062926,-0.8316488311646517,0.0,0.0,NaN,NaN,NaN,NaN,NaN,NaN,0.0,0.0,0.0,0.0,0.0,0.0,6429.0,23981.0,4313.0,NaN,NaN,?
student_analysis(numbers),1,7,weka.classifiers.functions.LinearRegression,'-S 0 -R 1.0E-8 -num-decimal-places 4',-3364580862046573747,2.02008161133E7,148.0,16.0,3.291376081215941,4.9257470739482185,339.5335282796983,402.41169854829883,0.593005182102967,0.0,0.0,NaN,NaN,NaN,NaN,NaN,NaN,0.015,0.0,0.015600099999999999,0.0,15.6001,0.0,6437.0,23981.0,4313.0,NaN,NaN,?
student_analysis(numbers),1,8,weka.classifiers.functions.LinearRegression,'-S 0 -R 1.0E-8 -num-decimal-places 4',-3364580862046573747,2.02008161133E7,148.0,16.0,2.2181482320651686,2.725044012065957,231.23857640648782,242.32582148026688,-0.24750797761898685,0.0,0.0,NaN,NaN,NaN,NaN,NaN,NaN,0.0,0.0,0.0,0.0,0.0,0.0,6437.0,23981.0,4313.0,NaN,NaN,?
student_analysis(numbers),1,9,weka.classifiers.functions.LinearRegression,'-S 0 -R 1.0E-8 -num-decimal-places 4',-3364580862046573747,2.02008161133E7,148.0,16.0,1.6968317152080068,2.1474741123474743,174.63732565431212,177.0853042664542,-0.364995039895737,0.0,0.0,NaN,NaN,NaN,NaN,NaN,NaN,0.016,0.0,0.015600099999999999,0.0,15.6001,0.0,6437.0,23981.0,4313.0,NaN,NaN,?
student_analysis(numbers),1,10,weka.classifiers.functions.LinearRegression,'-S 0 -R 1.0E-8 -num-decimal-places 4',-3364580862046573747,2.02008161133E7,148.0,16.0,1.283173871728089,1.691477273821512,126.63308162431252,137.19816245877632,0.2032447245788649,0.0,0.0,NaN,NaN,NaN,NaN,NaN,NaN,0.015,0.0,0.015600099999999999,0.0,15.6001,0.0,6437.0,23981.0,4313.0,NaN,NaN,?
student_analysis(numbers),2,1,weka.classifiers.functions.LinearRegression,'-S 0 -R 1.0E-8 -num-decimal-places 4',-3364580862046573747,2.02008161133E7,147.0,17.0,1.785412639493902,2.3031810962896206,152.14001039655045,162.0816091505176,-0.32368449147714584,0.0,0.0,NaN,NaN,NaN,NaN,NaN,NaN,0.0,0.0,0.0,0.0,0.0,0.0,6429.0,23832.0,4462.0,NaN,NaN,?
student_analysis(numbers),2,2,weka.classifiers.functions.LinearRegression,'-S 0 -R 1.0E-8 -num-decimal-places 4',-3364580862046573747,2.02008161133E7,147.0,17.0,1.9763597472851482,2.339768548893044,178.07841804715693,182.52688469374635,-0.18582954199895238,0.0,0.0,NaN,NaN,NaN,NaN,NaN,NaN,0.0,0.0,0.0,0.0,0.0,0.0,6437.0,23832.0,4462.0,NaN,NaN,?
student_analysis(numbers),2,3,weka.classifiers.functions.LinearRegression,'-S 0 -R 1.0E-8 -num-decimal-places 4',-3364580862046573747,2.02008161133E7,147.0,17.0,1.9345302205110722,2.158796631094338,152.00317379396694,147.52496470540453,-0.09111348148477555,0.0,0.0,NaN,NaN,NaN,NaN,NaN,NaN,0.0,0.0,0.0,0.0,0.0,0.0,6437.0,23832.0,4462.0,NaN,NaN,?
student_analysis(numbers),2,4,weka.classifiers.functions.LinearRegression,'-S 0 -R 1.0E-8 -num-decimal-places 4',-3364580862046573747,2.02008161133E7,147.0,17.0,6.34097951126828,16.38480435998545,129.01439404159981,103.6970595303955,-0.24883162691846689,0.0,0.0,NaN,NaN,NaN,NaN,NaN,NaN,0.0,0.0,0.0,0.0,0.0,0.0,6429.0,23832.0,4462.0,NaN,NaN,?
student_analysis(numbers),2,5,weka.classifiers.functions.LinearRegression,'-S 0 -R 1.0E-8 -num-decimal-places 4',-3364580862046573747,2.02008161133E7,148.0,16.0,1.7839309023462753,2.2916850280099856,163.37526092853108,178.4917199898355,-0.4220674403787983,0.0,0.0,NaN,NaN,NaN,NaN,NaN,NaN,0.0,0.0,0.0,0.0,0.0,0.0,6437.0,23981.0,4313.0,NaN,NaN,?
student_analysis(numbers),2,6,weka.classifiers.functions.LinearRegression,'-S 0 -R 1.0E-8 -num-decimal-places 4',-3364580862046573747,2.02008161133E7,148.0,16.0,1.57164591979256,1.8181547362742756,163.49505419594408,166.38271408317166,0.4402185593138862,0.0,0.0,NaN,NaN,NaN,NaN,NaN,NaN,0.0,0.0,0.0,0.0,0.0,0.0,6437.0,23981.0,4313.0,NaN,NaN,?
student_analysis(numbers),2,7,weka.classifiers.functions.LinearRegression,'-S 0 -R 1.0E-8 -num-decimal-places 4',-3364580862046573747,2.02008161133E7,148.0,16.0,2.274039592649624,2.757088781785776,199.87579526031038,214.09637454388002,-0.3687828842818591,0.0,0.0,NaN,NaN,NaN,NaN,NaN,NaN,0.0,0.0,0.0,0.0,0.0,0.0,6437.0,23981.0,4313.0,NaN,NaN,?
student_analysis(numbers),2,8,weka.classifiers.functions.LinearRegression,'-S 0 -R 1.0E-8 -num-decimal-places 4',-3364580862046573747,2.02008161133E7,148.0,16.0,2.7940321492215228,3.5426801608766874,158.03077484862922,136.22554582892897,0.12724023500276527,0.0,0.0,NaN,NaN,NaN,NaN,NaN,NaN,0.0,0.015,0.0,0.015600099999999999,0.0,15.6001,6445.0,23981.0,4313.0,NaN,NaN,?
student_analysis(numbers),2,9,weka.classifiers.functions.LinearRegression,'-S 0 -R 1.0E-8 -num-decimal-places 4',-3364580862046573747,2.02008161133E7,148.0,16.0,2.8040065098632914,4.41693216133535,236.72085486755785,302.01065889872035,0.5033182148778848,0.0,0.0,NaN,NaN,NaN,NaN,NaN,NaN,0.0,0.0,0.0,0.0,0.0,0.0,6437.0,23981.0,4313.0,NaN,NaN,?
student_analysis(numbers),2,10,weka.classifiers.functions.LinearRegression,'-S 0 -R 1.0E-8 -num-decimal-places 4',-3364580862046573747,2.02008161133E7,148.0,16.0,5.934506285177031,16.9689582092008,107.48003108320496,100.64709937354284,-0.0470509116552838,0.0,0.0,NaN,NaN,NaN,NaN,NaN,NaN,0.0,0.0,0.0,0.0,0.0,0.0,6429.0,23981.0,4313.0,NaN,NaN,?
student_analysis(numbers),3,1,weka.classifiers.functions.LinearRegression,'-S 0 -R 1.0E-8 -num-decimal-places 4',-3364580862046573747,2.02008161133E7,147.0,17.0,3.375554054807324,4.781812924838682,160.67031344272172,131.25605742330583,-0.2208333336350386,0.0,0.0,NaN,NaN,NaN,NaN,NaN,NaN,0.0,0.0,0.0,0.0,0.0,0.0,6429.0,23832.0,4462.0,NaN,NaN,?
student_analysis(numbers),3,2,weka.classifiers.functions.LinearRegression,'-S 0 -R 1.0E-8 -num-decimal-places 4',-3364580862046573747,2.02008161133E7,147.0,17.0,1.9814846077073867,2.5059471870088332,148.70533520468703,108.05617309652185,0.3472148552434456,0.0,0.0,NaN,NaN,NaN,NaN,NaN,NaN,0.0,0.0,0.0,0.0,0.0,0.0,6437.0,23832.0,4462.0,NaN,NaN,?
student_analysis(numbers),3,3,weka.classifiers.functions.LinearRegression,'-S 0 -R 1.0E-8 -num-decimal-places 4',-3364580862046573747,2.02008161133E7,147.0,17.0,5.433623535464192,15.90803715025223,118.71256058079062,102.50289361613521,-0.2259400386864059,0.0,0.0,NaN,NaN,NaN,NaN,NaN,NaN,0.0,0.0,0.0,0.0,0.0,0.0,6437.0,23832.0,4462.0,NaN,NaN,?
student_analysis(numbers),3,4,weka.classifiers.functions.LinearRegression,'-S 0 -R 1.0E-8 -num-decimal-places 4',-3364580862046573747,2.02008161133E7,147.0,17.0,1.83904641742666,2.1204495500502336,158.18194136621364,160.58628614907536,-0.3583774769403493,0.0,0.0,NaN,NaN,NaN,NaN,NaN,NaN,0.0,0.0,0.0,0.0,0.0,0.0,6437.0,23832.0,4462.0,NaN,NaN,?
student_analysis(numbers),3,5,weka.classifiers.functions.LinearRegression,'-S 0 -R 1.0E-8 -num-decimal-places 4',-3364580862046573747,2.02008161133E7,148.0,16.0,3.117156767122475,4.744493537426664,220.31427887427503,295.5475857231288,0.5427890880875704,0.0,0.0,NaN,NaN,NaN,NaN,NaN,NaN,0.0,0.0,0.0,0.0,0.0,0.0,6437.0,23981.0,4313.0,NaN,NaN,?
student_analysis(numbers),3,6,weka.classifiers.functions.LinearRegression,'-S 0 -R 1.0E-8 -num-decimal-places 4',-3364580862046573747,2.02008161133E7,148.0,16.0,1.680916789841309,2.1915295481560175,166.95234205524017,185.7285116734441,-0.3466998889986059,0.0,0.0,NaN,NaN,NaN,NaN,NaN,NaN,0.016,0.0,0.015600099999999999,0.0,15.6001,0.0,6437.0,23981.0,4313.0,NaN,NaN,?
student_analysis(numbers),3,7,weka.classifiers.functions.LinearRegression,'-S 0 -R 1.0E-8 -num-decimal-places 4',-3364580862046573747,2.02008161133E7,148.0,16.0,1.9212775061233898,2.3916285201073118,190.73589408791307,189.07483379118815,-0.4822659157916891,0.0,0.0,NaN,NaN,NaN,NaN,NaN,NaN,0.0,0.0,0.0,0.0,0.0,0.0,6437.0,23981.0,4313.0,NaN,NaN,?
student_analysis(numbers),3,8,weka.classifiers.functions.LinearRegression,'-S 0 -R 1.0E-8 -num-decimal-places 4',-3364580862046573747,2.02008161133E7,148.0,16.0,1.2934147250599672,1.7782667721054366,141.2822053847474,146.2204120521386,-0.17492819415037186,0.0,0.0,NaN,NaN,NaN,NaN,NaN,NaN,0.015,0.0,0.015600099999999999,0.0,15.6001,0.0,6429.0,23981.0,4313.0,NaN,NaN,?
student_analysis(numbers),3,9,weka.classifiers.functions.LinearRegression,'-S 0 -R 1.0E-8 -num-decimal-places 4',-3364580862046573747,2.02008161133E7,148.0,16.0,5.331049491088946,17.351566746706332,105.33518879424058,103.59321115543197,-0.6039924167321756,0.0,0.0,NaN,NaN,NaN,NaN,NaN,NaN,0.0,0.0,0.0,0.0,0.0,0.0,6429.0,23981.0,4313.0,NaN,NaN,?
student_analysis(numbers),3,10,weka.classifiers.functions.LinearRegression,'-S 0 -R 1.0E-8 -num-decimal-places 4',-3364580862046573747,2.02008161133E7,148.0,16.0,1.8833148807484028,2.1511770345366856,157.1136439660009,159.69583533448824,-0.08263133719987953,0.0,0.0,NaN,NaN,NaN,NaN,NaN,NaN,0.016,0.0,0.015600099999999999,0.0,15.6001,0.0,6437.0,23981.0,4313.0,NaN,NaN,?
student_analysis(numbers),4,1,weka.classifiers.functions.LinearRegression,'-S 0 -R 1.0E-8 -num-decimal-places 4',-3364580862046573747,2.02008161133E7,147.0,17.0,2.5831911071873708,4.350613569293493,279.6661790040611,401.1664382753993,0.46137983876763455,0.0,0.0,NaN,NaN,NaN,NaN,NaN,NaN,0.0,0.0,0.0,0.0,0.0,0.0,6437.0,23832.0,4462.0,NaN,NaN,?
student_analysis(numbers),4,2,weka.classifiers.functions.LinearRegression,'-S 0 -R 1.0E-8 -num-decimal-places 4',-3364580862046573747,2.02008161133E7,147.0,17.0,1.4340803168649772,1.5897328769009482,157.76023601506165,151.22497886463077,0.044827712217839606,0.0,0.0,NaN,NaN,NaN,NaN,NaN,NaN,0.0,0.0,0.0,0.0,0.0,0.0,6437.0,23832.0,4462.0,NaN,NaN,?
student_analysis(numbers),4,3,weka.classifiers.functions.LinearRegression,'-S 0 -R 1.0E-8 -num-decimal-places 4',-3364580862046573747,2.02008161133E7,147.0,17.0,1.8093367973712686,2.47960965423548,120.96225107828049,101.65390175231734,0.05588381510124705,0.0,0.0,NaN,NaN,NaN,NaN,NaN,NaN,0.0,0.0,0.0,0.0,0.0,0.0,6429.0,23832.0,4462.0,NaN,NaN,?
student_analysis(numbers),4,4,weka.classifiers.functions.LinearRegression,'-S 0 -R 1.0E-8 -num-decimal-places 4',-3364580862046573747,2.02008161133E7,147.0,17.0,8.598815637310278,22.618824671482646,102.05935620539987,100.08798666426303,0.03956213967827908,0.0,0.0,NaN,NaN,NaN,NaN,NaN,NaN,0.015,0.0,0.015600099999999999,0.0,15.6001,0.0,6453.0,23832.0,4462.0,NaN,NaN,?
student_analysis(numbers),4,5,weka.classifiers.functions.LinearRegression,'-S 0 -R 1.0E-8 -num-decimal-places 4',-3364580862046573747,2.02008161133E7,148.0,16.0,2.5879123993742237,3.016002502886911,168.7771435213852,177.27961067166282,-0.057847561989520714,0.0,0.0,NaN,NaN,NaN,NaN,NaN,NaN,0.0,0.0,0.0,0.0,0.0,0.0,6429.0,23981.0,4313.0,NaN,NaN,?
student_analysis(numbers),4,6,weka.classifiers.functions.LinearRegression,'-S 0 -R 1.0E-8 -num-decimal-places 4',-3364580862046573747,2.02008161133E7,148.0,16.0,2.1692569198908576,2.6392271088469714,146.25192142978665,105.8032676676341,0.17478654713857203,0.0,0.0,NaN,NaN,NaN,NaN,NaN,NaN,0.016,0.0,0.015600099999999999,0.0,15.6001,0.0,6437.0,23981.0,4313.0,NaN,NaN,?
student_analysis(numbers),4,7,weka.classifiers.functions.LinearRegression,'-S 0 -R 1.0E-8 -num-decimal-places 4',-3364580862046573747,2.02008161133E7,148.0,16.0,3.2736069484786343,4.6106204711344665,163.6076636139141,143.64920039452858,-0.45814636984466467,0.0,0.0,NaN,NaN,NaN,NaN,NaN,NaN,0.0,0.0,0.0,0.0,0.0,0.0,6429.0,23981.0,4313.0,NaN,NaN,?
student_analysis(numbers),4,8,weka.classifiers.functions.LinearRegression,'-S 0 -R 1.0E-8 -num-decimal-places 4',-3364580862046573747,2.02008161133E7,148.0,16.0,1.6108449797506412,2.057058037410639,180.61741739473598,192.90167907450936,-0.17426379058073097,0.0,0.0,NaN,NaN,NaN,NaN,NaN,NaN,0.0,0.0,0.0,0.0,0.0,0.0,6437.0,23981.0,4313.0,NaN,NaN,?
student_analysis(numbers),4,9,weka.classifiers.functions.LinearRegression,'-S 0 -R 1.0E-8 -num-decimal-places 4',-3364580862046573747,2.02008161133E7,148.0,16.0,2.3410126528678177,2.809577077829258,159.4445750188388,165.1885646939139,-0.07998836574588415,0.0,0.0,NaN,NaN,NaN,NaN,NaN,NaN,0.0,0.0,0.0,0.0,0.0,0.0,6437.0,23981.0,4313.0,NaN,NaN,?
student_analysis(numbers),4,10,weka.classifiers.functions.LinearRegression,'-S 0 -R 1.0E-8 -num-decimal-places 4',-3364580862046573747,2.02008161133E7,148.0,16.0,1.737422617076179,2.2891633150968556,187.6013083629294,211.9173513719854,-0.4876474308720167,0.0,0.0,NaN,NaN,NaN,NaN,NaN,NaN,0.0,0.0,0.0,0.0,0.0,0.0,6429.0,23981.0,4313.0,NaN,NaN,?
student_analysis(numbers),5,1,weka.classifiers.functions.LinearRegression,'-S 0 -R 1.0E-8 -num-decimal-places 4',-3364580862046573747,2.02008161133E7,147.0,17.0,2.0722215695978443,2.5131296393233646,194.80558128990901,193.72977922101882,-0.3768846185490672,0.0,0.0,NaN,NaN,NaN,NaN,NaN,NaN,0.016,0.0,0.015600099999999999,0.0,15.6001,0.0,6437.0,23832.0,4462.0,NaN,NaN,?
student_analysis(numbers),5,2,weka.classifiers.functions.LinearRegression,'-S 0 -R 1.0E-8 -num-decimal-places 4',-3364580862046573747,2.02008161133E7,147.0,17.0,6.287590260983542,17.292061790173268,116.64605650254629,104.5971305121273,-0.3511133956412997,0.0,0.0,NaN,NaN,NaN,NaN,NaN,NaN,0.0,0.0,0.0,0.0,0.0,0.0,6429.0,23832.0,4462.0,NaN,NaN,?
student_analysis(numbers),5,3,weka.classifiers.functions.LinearRegression,'-S 0 -R 1.0E-8 -num-decimal-places 4',-3364580862046573747,2.02008161133E7,147.0,17.0,1.8113009405871257,2.341331859783423,206.15982755163876,218.3582090896664,-0.3570318169652186,0.0,0.0,NaN,NaN,NaN,NaN,NaN,NaN,0.0,0.0,0.0,0.0,0.0,0.0,6437.0,23832.0,4462.0,NaN,NaN,?
student_analysis(numbers),5,4,weka.classifiers.functions.LinearRegression,'-S 0 -R 1.0E-8 -num-decimal-places 4',-3364580862046573747,2.02008161133E7,147.0,17.0,2.3693737880005337,2.6368222169864817,203.40326912671637,199.88104515013617,-0.6227251642804477,0.0,0.0,NaN,NaN,NaN,NaN,NaN,NaN,0.0,0.0,0.0,0.0,0.0,0.0,6437.0,23832.0,4462.0,NaN,NaN,?
student_analysis(numbers),5,5,weka.classifiers.functions.LinearRegression,'-S 0 -R 1.0E-8 -num-decimal-places 4',-3364580862046573747,2.02008161133E7,148.0,16.0,2.240046297676818,2.8136485968975,143.69322445151482,114.55484159823567,0.44002350345425434,0.0,0.0,NaN,NaN,NaN,NaN,NaN,NaN,0.0,0.0,0.0,0.0,0.0,0.0,6437.0,23981.0,4313.0,NaN,NaN,?
student_analysis(numbers),5,6,weka.classifiers.functions.LinearRegression,'-S 0 -R 1.0E-8 -num-decimal-places 4',-3364580862046573747,2.02008161133E7,148.0,16.0,1.6318130055647404,2.0143682236537637,98.02329538640002,108.59866944250669,0.1667852941524102,0.0,0.0,NaN,NaN,NaN,NaN,NaN,NaN,0.0,0.0,0.0,0.0,0.0,0.0,6429.0,23981.0,4313.0,NaN,NaN,?
student_analysis(numbers),5,7,weka.classifiers.functions.LinearRegression,'-S 0 -R 1.0E-8 -num-decimal-places 4',-3364580862046573747,2.02008161133E7,148.0,16.0,2.018741659632405,2.434347530723706,141.63720323765,101.54799839897032,0.3260461410927315,0.0,0.0,NaN,NaN,NaN,NaN,NaN,NaN,0.0,0.0,0.0,0.0,0.0,0.0,6429.0,23981.0,4313.0,NaN,NaN,?
student_analysis(numbers),5,8,weka.classifiers.functions.LinearRegression,'-S 0 -R 1.0E-8 -num-decimal-places 4',-3364580862046573747,2.02008161133E7,148.0,16.0,3.0355867325833366,4.5571449592020725,229.8375141247363,283.723706191515,0.4361683534440567,0.0,0.0,NaN,NaN,NaN,NaN,NaN,NaN,0.0,0.0,0.0,0.0,0.0,0.0,6437.0,23981.0,4313.0,NaN,NaN,?
student_analysis(numbers),5,9,weka.classifiers.functions.LinearRegression,'-S 0 -R 1.0E-8 -num-decimal-places 4',-3364580862046573747,2.02008161133E7,148.0,16.0,1.0532089294984348,1.4167845221490678,111.40169421123137,129.64091096469002,-0.23556038475176208,0.0,0.0,NaN,NaN,NaN,NaN,NaN,NaN,0.0,0.0,0.0,0.0,0.0,0.0,6437.0,23981.0,4313.0,NaN,NaN,?
student_analysis(numbers),5,10,weka.classifiers.functions.LinearRegression,'-S 0 -R 1.0E-8 -num-decimal-places 4',-3364580862046573747,2.02008161133E7,148.0,16.0,5.562000855773255,16.365246572797997,117.07323037043922,102.35573542321143,-0.08492278623659938,0.0,0.0,NaN,NaN,NaN,NaN,NaN,NaN,0.016,0.0,0.015600099999999999,0.0,15.6001,0.0,6445.0,23981.0,4313.0,NaN,NaN,?
student_analysis(numbers),6,1,weka.classifiers.functions.LinearRegression,'-S 0 -R 1.0E-8 -num-decimal-places 4',-3364580862046573747,2.02008161133E7,147.0,17.0,2.222617502149173,2.8741807452570525,150.66022300630277,118.91664481350834,-0.045001131628826865,0.0,0.0,NaN,NaN,NaN,NaN,NaN,NaN,0.016,0.0,0.015600099999999999,0.0,15.6001,0.0,6437.0,23832.0,4462.0,NaN,NaN,?
student_analysis(numbers),6,2,weka.classifiers.functions.LinearRegression,'-S 0 -R 1.0E-8 -num-decimal-places 4',-3364580862046573747,2.02008161133E7,147.0,17.0,1.8979403114320539,2.1484066889687474,189.02567467926272,182.12495469770153,-0.13874319117542994,0.0,0.0,NaN,NaN,NaN,NaN,NaN,NaN,0.0,0.0,0.0,0.0,0.0,0.0,6437.0,23832.0,4462.0,NaN,NaN,?
student_analysis(numbers),6,3,weka.classifiers.functions.LinearRegression,'-S 0 -R 1.0E-8 -num-decimal-places 4',-3364580862046573747,2.02008161133E7,147.0,17.0,5.097784760341705,15.89803001882418,113.37429710295451,102.40206107766738,-0.2653202979923974,0.0,0.0,NaN,NaN,NaN,NaN,NaN,NaN,0.0,0.015,0.0,0.015600099999999999,0.0,15.6001,6437.0,23832.0,4462.0,NaN,NaN,?
student_analysis(numbers),6,4,weka.classifiers.functions.LinearRegression,'-S 0 -R 1.0E-8 -num-decimal-places 4',-3364580862046573747,2.02008161133E7,147.0,17.0,2.4029558222358047,4.1546762059581335,234.8282836249932,353.96519952274014,0.7323365117583056,0.0,0.0,NaN,NaN,NaN,NaN,NaN,NaN,0.0,0.0,0.0,0.0,0.0,0.0,6437.0,23832.0,4462.0,NaN,NaN,?
student_analysis(numbers),6,5,weka.classifiers.functions.LinearRegression,'-S 0 -R 1.0E-8 -num-decimal-places 4',-3364580862046573747,2.02008161133E7,148.0,16.0,2.3436729945337857,2.7025588772822076,314.5627293297729,290.2431774407627,-0.14770102109622138,0.0,0.0,NaN,NaN,NaN,NaN,NaN,NaN,0.0,0.0,0.0,0.0,0.0,0.0,6437.0,23981.0,4313.0,NaN,NaN,?
student_analysis(numbers),6,6,weka.classifiers.functions.LinearRegression,'-S 0 -R 1.0E-8 -num-decimal-places 4',-3364580862046573747,2.02008161133E7,148.0,16.0,1.2467923431353474,1.6470221895796442,139.59226241569814,149.4536754325515,-0.20437960891617318,0.0,0.0,NaN,NaN,NaN,NaN,NaN,NaN,0.0,0.0,0.0,0.0,0.0,0.0,6437.0,23981.0,4313.0,NaN,NaN,?
student_analysis(numbers),6,7,weka.classifiers.functions.LinearRegression,'-S 0 -R 1.0E-8 -num-decimal-places 4',-3364580862046573747,2.02008161133E7,148.0,16.0,1.7332599876657577,2.091146540304385,125.33559300748894,131.0129029693938,0.030216042676043626,0.0,0.0,NaN,NaN,NaN,NaN,NaN,NaN,0.0,0.0,0.0,0.0,0.0,0.0,6429.0,23981.0,4313.0,NaN,NaN,?
student_analysis(numbers),6,8,weka.classifiers.functions.LinearRegression,'-S 0 -R 1.0E-8 -num-decimal-places 4',-3364580862046573747,2.02008161133E7,148.0,16.0,2.5624513553106176,4.231016510785179,159.36178462784966,136.86343414019225,-0.488450915850304,0.0,0.0,NaN,NaN,NaN,NaN,NaN,NaN,0.0,0.0,0.0,0.0,0.0,0.0,6429.0,23981.0,4313.0,NaN,NaN,?
student_analysis(numbers),6,9,weka.classifiers.functions.LinearRegression,'-S 0 -R 1.0E-8 -num-decimal-places 4',-3364580862046573747,2.02008161133E7,148.0,16.0,5.796168617954223,16.93341072507235,98.13590757151843,100.33401101089518,-0.009686059842166736,0.0,0.0,NaN,NaN,NaN,NaN,NaN,NaN,0.0,0.0,0.0,0.0,0.0,0.0,6429.0,23981.0,4313.0,NaN,NaN,?
student_analysis(numbers),6,10,weka.classifiers.functions.LinearRegression,'-S 0 -R 1.0E-8 -num-decimal-places 4',-3364580862046573747,2.02008161133E7,148.0,16.0,2.5158086222246707,2.901037700096942,177.15002317703764,182.63655614729117,-0.1769876216854917,0.0,0.0,NaN,NaN,NaN,NaN,NaN,NaN,0.016,0.0,0.0,0.0,0.0,0.0,6429.0,23981.0,4313.0,NaN,NaN,?
student_analysis(numbers),7,1,weka.classifiers.functions.LinearRegression,'-S 0 -R 1.0E-8 -num-decimal-places 4',-3364580862046573747,2.02008161133E7,147.0,17.0,3.014591364122695,4.589390964788819,200.69381542374398,154.8342941037231,-0.4958059968899768,0.0,0.0,NaN,NaN,NaN,NaN,NaN,NaN,0.0,0.0,0.0,0.0,0.0,0.0,6429.0,23832.0,4462.0,NaN,NaN,?
student_analysis(numbers),7,2,weka.classifiers.functions.LinearRegression,'-S 0 -R 1.0E-8 -num-decimal-places 4',-3364580862046573747,2.02008161133E7,147.0,17.0,2.0987046024809017,2.5935951397455437,128.85319916997423,104.44002196895737,0.23207574303364098,0.0,0.0,NaN,NaN,NaN,NaN,NaN,NaN,0.0,0.0,0.0,0.0,0.0,0.0,6437.0,23832.0,4462.0,NaN,NaN,?
student_analysis(numbers),7,3,weka.classifiers.functions.LinearRegression,'-S 0 -R 1.0E-8 -num-decimal-places 4',-3364580862046573747,2.02008161133E7,147.0,17.0,1.795591685310028,2.2756800560519377,156.30679680633602,166.64197810419645,-0.4120944631403694,0.0,0.0,NaN,NaN,NaN,NaN,NaN,NaN,0.0,0.0,0.0,0.0,0.0,0.0,6437.0,23832.0,4462.0,NaN,NaN,?
student_analysis(numbers),7,4,weka.classifiers.functions.LinearRegression,'-S 0 -R 1.0E-8 -num-decimal-places 4',-3364580862046573747,2.02008161133E7,147.0,17.0,1.6827398236803195,2.369414719212008,125.24868008250061,101.64739729370568,0.14585110839816656,0.0,0.0,NaN,NaN,NaN,NaN,NaN,NaN,0.016,0.0,0.015600099999999999,0.0,15.6001,0.0,6429.0,23832.0,4462.0,NaN,NaN,?
student_analysis(numbers),7,5,weka.classifiers.functions.LinearRegression,'-S 0 -R 1.0E-8 -num-decimal-places 4',-3364580862046573747,2.02008161133E7,148.0,16.0,5.2840615333769145,17.306381928101533,103.85044554941013,103.26137580319484,-0.852105996947275,0.0,0.0,NaN,NaN,NaN,NaN,NaN,NaN,0.0,0.0,0.0,0.0,0.0,0.0,6429.0,23981.0,4313.0,NaN,NaN,?
student_analysis(numbers),7,6,weka.classifiers.functions.LinearRegression,'-S 0 -R 1.0E-8 -num-decimal-places 4',-3364580862046573747,2.02008161133E7,148.0,16.0,2.3442680224963386,2.9125574020259477,210.91799638256154,228.86744536764422,-0.21820062013477184,0.0,0.0,NaN,NaN,NaN,NaN,NaN,NaN,0.0,0.0,0.0,0.0,0.0,0.0,6437.0,23981.0,4313.0,NaN,NaN,?
student_analysis(numbers),7,7,weka.classifiers.functions.LinearRegression,'-S 0 -R 1.0E-8 -num-decimal-places 4',-3364580862046573747,2.02008161133E7,148.0,16.0,2.275291456665083,2.850881659863884,204.93318499525773,220.8845026164136,-0.19356263387664704,0.0,0.0,NaN,NaN,NaN,NaN,NaN,NaN,0.016,0.0,0.015600099999999999,0.0,15.6001,0.0,6445.0,23981.0,4313.0,NaN,NaN,?
student_analysis(numbers),7,8,weka.classifiers.functions.LinearRegression,'-S 0 -R 1.0E-8 -num-decimal-places 4',-3364580862046573747,2.02008161133E7,148.0,16.0,1.6489818275751829,2.004402856943598,144.5926808708921,142.7367040854317,-0.07974236283129862,0.0,0.0,NaN,NaN,NaN,NaN,NaN,NaN,0.0,0.0,0.0,0.0,0.0,0.0,6429.0,23981.0,4313.0,NaN,NaN,?
student_analysis(numbers),7,9,weka.classifiers.functions.LinearRegression,'-S 0 -R 1.0E-8 -num-decimal-places 4',-3364580862046573747,2.02008161133E7,148.0,16.0,6.683975001770438,16.87728373788844,133.76436810409106,105.36388539726778,-0.07086869670584232,0.0,0.0,NaN,NaN,NaN,NaN,NaN,NaN,0.016,0.0,0.015600099999999999,0.0,15.6001,0.0,6445.0,23981.0,4313.0,NaN,NaN,?
student_analysis(numbers),7,10,weka.classifiers.functions.LinearRegression,'-S 0 -R 1.0E-8 -num-decimal-places 4',-3364580862046573747,2.02008161133E7,148.0,16.0,1.7229386854479367,2.049983582993281,155.94255417356084,160.85863639499792,-0.01992213969422688,0.0,0.0,NaN,NaN,NaN,NaN,NaN,NaN,0.0,0.0,0.0,0.0,0.0,0.0,6429.0,23981.0,4313.0,NaN,NaN,?
student_analysis(numbers),8,1,weka.classifiers.functions.LinearRegression,'-S 0 -R 1.0E-8 -num-decimal-places 4',-3364580862046573747,2.02008161133E7,147.0,17.0,2.2113699932024904,2.7166403033730884,174.14644794095443,195.20304486330718,-0.6702344215139335,0.0,0.0,NaN,NaN,NaN,NaN,NaN,NaN,0.0,0.0,0.0,0.0,0.0,0.0,6437.0,23832.0,4462.0,NaN,NaN,?
student_analysis(numbers),8,2,weka.classifiers.functions.LinearRegression,'-S 0 -R 1.0E-8 -num-decimal-places 4',-3364580862046573747,2.02008161133E7,147.0,17.0,2.882793613179795,4.494293840994174,292.0894987652577,379.6744341863174,0.5483176688532746,0.0,0.0,NaN,NaN,NaN,NaN,NaN,NaN,0.0,0.0,0.0,0.0,0.0,0.0,6437.0,23832.0,4462.0,NaN,NaN,?
student_analysis(numbers),8,3,weka.classifiers.functions.LinearRegression,'-S 0 -R 1.0E-8 -num-decimal-places 4',-3364580862046573747,2.02008161133E7,147.0,17.0,6.106112311839226,16.328981161299616,119.88803978491755,103.40814426231115,-0.1515394084468331,0.0,0.0,NaN,NaN,NaN,NaN,NaN,NaN,0.016,0.0,0.015600099999999999,0.0,15.6001,0.0,6429.0,23832.0,4462.0,NaN,NaN,?
student_analysis(numbers),8,4,weka.classifiers.functions.LinearRegression,'-S 0 -R 1.0E-8 -num-decimal-places 4',-3364580862046573747,2.02008161133E7,147.0,17.0,2.2031014415912584,2.876480239631327,170.16925287362724,123.22266400654286,0.11549552197303051,0.0,0.0,NaN,NaN,NaN,NaN,NaN,NaN,0.0,0.0,0.0,0.0,0.0,0.0,6429.0,23832.0,4462.0,NaN,NaN,?
student_analysis(numbers),8,5,weka.classifiers.functions.LinearRegression,'-S 0 -R 1.0E-8 -num-decimal-places 4',-3364580862046573747,2.02008161133E7,148.0,16.0,5.547654221730123,17.366145810306975,109.23993651134022,103.6895352966667,-0.6597236596765106,0.0,0.0,NaN,NaN,NaN,NaN,NaN,NaN,0.015,0.0,0.015600099999999999,0.0,15.6001,0.0,6429.0,23981.0,4313.0,NaN,NaN,?
student_analysis(numbers),8,6,weka.classifiers.functions.LinearRegression,'-S 0 -R 1.0E-8 -num-decimal-places 4',-3364580862046573747,2.02008161133E7,148.0,16.0,1.6882848286163838,2.0448805213699295,156.73598398882496,160.6551109752178,0.19801687874984175,0.0,0.0,NaN,NaN,NaN,NaN,NaN,NaN,0.0,0.0,0.0,0.0,0.0,0.0,6437.0,23981.0,4313.0,NaN,NaN,?
student_analysis(numbers),8,7,weka.classifiers.functions.LinearRegression,'-S 0 -R 1.0E-8 -num-decimal-places 4',-3364580862046573747,2.02008161133E7,148.0,16.0,2.228211811232075,2.597239957736334,239.649254628089,231.2286095574777,-0.3330457940995701,0.0,0.0,NaN,NaN,NaN,NaN,NaN,NaN,0.016,0.0,0.015600099999999999,0.0,15.6001,0.0,6437.0,23981.0,4313.0,NaN,NaN,?
student_analysis(numbers),8,8,weka.classifiers.functions.LinearRegression,'-S 0 -R 1.0E-8 -num-decimal-places 4',-3364580862046573747,2.02008161133E7,148.0,16.0,2.105693988837431,2.573896690135681,136.98490354918093,103.84828457186293,0.17556833141111683,0.0,0.0,NaN,NaN,NaN,NaN,NaN,NaN,0.0,0.0,0.0,0.0,0.0,0.0,6437.0,23981.0,4313.0,NaN,NaN,?
student_analysis(numbers),8,9,weka.classifiers.functions.LinearRegression,'-S 0 -R 1.0E-8 -num-decimal-places 4',-3364580862046573747,2.02008161133E7,148.0,16.0,3.2968074258698663,3.7928908347204424,243.96557925621414,234.10218506612532,-0.5297454645372206,0.0,0.0,NaN,NaN,NaN,NaN,NaN,NaN,0.0,0.0,0.0,0.0,0.0,0.0,6445.0,23981.0,4313.0,NaN,NaN,?
student_analysis(numbers),8,10,weka.classifiers.functions.LinearRegression,'-S 0 -R 1.0E-8 -num-decimal-places 4',-3364580862046573747,2.02008161133E7,148.0,16.0,1.0615663231528354,1.3433688034427698,103.56454471553664,107.65820307670339,0.0927792864607816,0.0,0.0,NaN,NaN,NaN,NaN,NaN,NaN,0.0,0.0,0.0,0.0,0.0,0.0,6429.0,23981.0,4313.0,NaN,NaN,?
student_analysis(numbers),9,1,weka.classifiers.functions.LinearRegression,'-S 0 -R 1.0E-8 -num-decimal-places 4',-3364580862046573747,2.02008161133E7,147.0,17.0,2.8729297451740856,4.289120161147668,174.37475155018456,141.83994916992847,-0.4777954240109904,0.0,0.0,NaN,NaN,NaN,NaN,NaN,NaN,0.015,0.0,0.0,0.0,0.0,0.0,6429.0,23832.0,4462.0,NaN,NaN,?
student_analysis(numbers),9,2,weka.classifiers.functions.LinearRegression,'-S 0 -R 1.0E-8 -num-decimal-places 4',-3364580862046573747,2.02008161133E7,147.0,17.0,4.975549192649342,16.86537026067122,106.13421772214241,103.78030205443908,-0.47160149030121046,0.0,0.0,NaN,NaN,NaN,NaN,NaN,NaN,0.0,0.0,0.0,0.0,0.0,0.0,6429.0,23832.0,4462.0,NaN,NaN,?
student_analysis(numbers),9,3,weka.classifiers.functions.LinearRegression,'-S 0 -R 1.0E-8 -num-decimal-places 4',-3364580862046573747,2.02008161133E7,147.0,17.0,1.9654504683139933,2.4273349483620454,151.89121710986808,161.56305332181086,-0.04739602622237641,0.0,0.0,NaN,NaN,NaN,NaN,NaN,NaN,0.0,0.0,0.0,0.0,0.0,0.0,6437.0,23832.0,4462.0,NaN,NaN,?
student_analysis(numbers),9,4,weka.classifiers.functions.LinearRegression,'-S 0 -R 1.0E-8 -num-decimal-places 4',-3364580862046573747,2.02008161133E7,147.0,17.0,1.4709119594715152,1.71936918137012,139.91110793276783,133.33671020987504,0.21485859101799648,0.0,0.0,NaN,NaN,NaN,NaN,NaN,NaN,0.0,0.0,0.0,0.0,0.0,0.0,6429.0,23832.0,4462.0,NaN,NaN,?
student_analysis(numbers),9,5,weka.classifiers.functions.LinearRegression,'-S 0 -R 1.0E-8 -num-decimal-places 4',-3364580862046573747,2.02008161133E7,148.0,16.0,2.0394350726718002,2.476367507937108,186.18257062298628,191.58216067856927,-0.3159468248930273,0.0,0.0,NaN,NaN,NaN,NaN,NaN,NaN,0.0,0.0,0.0,0.0,0.0,0.0,6429.0,23981.0,4313.0,NaN,NaN,?
student_analysis(numbers),9,6,weka.classifiers.functions.LinearRegression,'-S 0 -R 1.0E-8 -num-decimal-places 4',-3364580862046573747,2.02008161133E7,148.0,16.0,5.818476555612446,16.484186912641032,110.53386579365522,102.35108352583623,-0.1649094448673061,0.0,0.0,NaN,NaN,NaN,NaN,NaN,NaN,0.0,0.016,0.0,0.015600099999999999,0.0,15.6001,6437.0,23981.0,4313.0,NaN,NaN,?
student_analysis(numbers),9,7,weka.classifiers.functions.LinearRegression,'-S 0 -R 1.0E-8 -num-decimal-places 4',-3364580862046573747,2.02008161133E7,148.0,16.0,1.8872623837355107,2.1372906835029424,173.27357240230222,166.0835476085332,-0.46008572363500755,0.0,0.0,NaN,NaN,NaN,NaN,NaN,NaN,0.0,0.0,0.0,0.0,0.0,0.0,6437.0,23981.0,4313.0,NaN,NaN,?
student_analysis(numbers),9,8,weka.classifiers.functions.LinearRegression,'-S 0 -R 1.0E-8 -num-decimal-places 4',-3364580862046573747,2.02008161133E7,148.0,16.0,2.7340875268760967,3.354691485814172,221.4344876148708,228.22232099119537,-0.35911079664741646,0.0,0.0,NaN,NaN,NaN,NaN,NaN,NaN,0.0,0.0,0.0,0.0,0.0,0.0,6437.0,23981.0,4313.0,NaN,NaN,?
student_analysis(numbers),9,9,weka.classifiers.functions.LinearRegression,'-S 0 -R 1.0E-8 -num-decimal-places 4',-3364580862046573747,2.02008161133E7,148.0,16.0,2.657221365027081,4.48131109703651,153.1541182760743,172.76333241904297,0.4936813091546988,0.0,0.0,NaN,NaN,NaN,NaN,NaN,NaN,0.0,0.0,0.0,0.0,0.0,0.0,6437.0,23981.0,4313.0,NaN,NaN,?
student_analysis(numbers),9,10,weka.classifiers.functions.LinearRegression,'-S 0 -R 1.0E-8 -num-decimal-places 4',-3364580862046573747,2.02008161133E7,148.0,16.0,2.051674943089002,2.4981396004099232,247.0720892258013,254.7564995913886,-0.5838593007716489,0.0,0.0,NaN,NaN,NaN,NaN,NaN,NaN,0.0,0.0,0.0,0.0,0.0,0.0,6437.0,23981.0,4313.0,NaN,NaN,?
student_analysis(numbers),10,1,weka.classifiers.functions.LinearRegression,'-S 0 -R 1.0E-8 -num-decimal-places 4',-3364580862046573747,2.02008161133E7,147.0,17.0,3.2923525047225897,4.722737362018646,303.3102918051906,369.2464704009317,0.4719414201391392,0.0,0.0,NaN,NaN,NaN,NaN,NaN,NaN,0.0,0.0,0.0,0.0,0.0,0.0,6437.0,23832.0,4462.0,NaN,NaN,?
student_analysis(numbers),10,2,weka.classifiers.functions.LinearRegression,'-S 0 -R 1.0E-8 -num-decimal-places 4',-3364580862046573747,2.02008161133E7,147.0,17.0,1.7036174136316364,2.1485440209285005,158.8051256972751,167.93900521350534,0.12339415500952877,0.0,0.0,NaN,NaN,NaN,NaN,NaN,NaN,0.0,0.0,0.0,0.0,0.0,0.0,6437.0,23832.0,4462.0,NaN,NaN,?
student_analysis(numbers),10,3,weka.classifiers.functions.LinearRegression,'-S 0 -R 1.0E-8 -num-decimal-places 4',-3364580862046573747,2.02008161133E7,147.0,17.0,5.572561392911936,16.252613602693884,107.73642088306974,102.82879546158728,-0.35766664647388663,0.0,0.0,NaN,NaN,NaN,NaN,NaN,NaN,0.0,0.0,0.0,0.0,0.0,0.0,6429.0,23832.0,4462.0,NaN,NaN,?
student_analysis(numbers),10,4,weka.classifiers.functions.LinearRegression,'-S 0 -R 1.0E-8 -num-decimal-places 4',-3364580862046573747,2.02008161133E7,147.0,17.0,2.001454932746224,2.5364655742850797,138.7421720065713,106.264929413987,0.1983280912797496,0.0,0.0,NaN,NaN,NaN,NaN,NaN,NaN,0.0,0.0,0.0,0.0,0.0,0.0,6437.0,23832.0,4462.0,NaN,NaN,?
student_analysis(numbers),10,5,weka.classifiers.functions.LinearRegression,'-S 0 -R 1.0E-8 -num-decimal-places 4',-3364580862046573747,2.02008161133E7,148.0,16.0,2.773100548111855,3.272891694377588,234.24732452694911,243.92941618023036,-0.3568133382340497,0.0,0.0,NaN,NaN,NaN,NaN,NaN,NaN,0.015,0.0,0.015600099999999999,0.0,15.6001,0.0,6445.0,23981.0,4313.0,NaN,NaN,?
student_analysis(numbers),10,6,weka.classifiers.functions.LinearRegression,'-S 0 -R 1.0E-8 -num-decimal-places 4',-3364580862046573747,2.02008161133E7,148.0,16.0,1.7569226810577188,2.064027442901626,128.48427910896757,131.42175467356742,0.049623616061333496,0.0,0.0,NaN,NaN,NaN,NaN,NaN,NaN,0.0,0.0,0.0,0.0,0.0,0.0,6429.0,23981.0,4313.0,NaN,NaN,?
student_analysis(numbers),10,7,weka.classifiers.functions.LinearRegression,'-S 0 -R 1.0E-8 -num-decimal-places 4',-3364580862046573747,2.02008161133E7,148.0,16.0,5.144803295750366,17.30329037993097,102.43421220013468,103.28797529510807,-0.6777748790851988,0.0,0.0,NaN,NaN,NaN,NaN,NaN,NaN,0.0,0.0,0.0,0.0,0.0,0.0,6429.0,23981.0,4313.0,NaN,NaN,?
student_analysis(numbers),10,8,weka.classifiers.functions.LinearRegression,'-S 0 -R 1.0E-8 -num-decimal-places 4',-3364580862046573747,2.02008161133E7,148.0,16.0,1.651859033228304,2.3518624640616625,112.99265099527483,95.41005582189887,0.1792559995547111,0.0,0.0,NaN,NaN,NaN,NaN,NaN,NaN,0.0,0.0,0.0,0.0,0.0,0.0,6429.0,23981.0,4313.0,NaN,NaN,?
student_analysis(numbers),10,9,weka.classifiers.functions.LinearRegression,'-S 0 -R 1.0E-8 -num-decimal-places 4',-3364580862046573747,2.02008161133E7,148.0,16.0,2.2677130217573067,2.976748430217935,187.93535081353065,222.22561525721625,-0.5195307633646914,0.0,0.0,NaN,NaN,NaN,NaN,NaN,NaN,0.0,0.0,0.0,0.0,0.0,0.0,6445.0,23981.0,4313.0,NaN,NaN,?
student_analysis(numbers),10,10,weka.classifiers.functions.LinearRegression,'-S 0 -R 1.0E-8 -num-decimal-places 4',-3364580862046573747,2.02008161133E7,148.0,16.0,1.8301872962115748,2.1471469133463374,172.12348732308712,170.705279506438,-0.3377656768881597,0.0,0.0,NaN,NaN,NaN,NaN,NaN,NaN,0.016,0.0,0.015600099999999999,0.0,15.6001,0.0,6429.0,23981.0,4313.0,NaN,NaN,?
